{  
   "Name":"Battery2 4S",
   "Weight":205.0,
   "MaxCapacity":1500.0,
   "CRating":65.0,
   "VoltagePerCells":4.099999904632568,
   "NumberOfCells":4,
   "CellInnerResistance":0.02099999938905239,
   "VoltagePerCellCurve":{  
      "serializedVersion":"2",
      "m_Curve":[  
         {  
            "serializedVersion":"3",
            "time":0.0,
            "value":0.008453369140625,
            "inSlope":0.0,
            "outSlope":0.0,
            "tangentMode":136,
            "weightedMode":0,
            "inWeight":0.3333333432674408,
            "outWeight":0.3333333432674408
         },
         {  
            "serializedVersion":"3",
            "time":100.0,
            "value":0.0,
            "inSlope":0.0,
            "outSlope":0.0,
            "tangentMode":136,
            "weightedMode":0,
            "inWeight":0.3333333432674408,
            "outWeight":0.3333333432674408
         },
         {  
            "serializedVersion":"3",
            "time":165.0,
            "value":0.0024486184120178224,
            "inSlope":0.00012942658213432878,
            "outSlope":0.00012942658213432878,
            "tangentMode":136,
            "weightedMode":0,
            "inWeight":0.3333333432674408,
            "outWeight":0.3333333432674408
         },
         {  
            "serializedVersion":"3",
            "time":175.6759033203125,
            "value":1.8054134845733643,
            "inSlope":0.044708434492349628,
            "outSlope":0.044708434492349628,
            "tangentMode":0,
            "weightedMode":0,
            "inWeight":0.3333333432674408,
            "outWeight":0.3333333432674408
         },
         {  
            "serializedVersion":"3",
            "time":179.30665588378907,
            "value":3.2127535343170168,
            "inSlope":0.08808009326457977,
            "outSlope":0.08808009326457977,
            "tangentMode":0,
            "weightedMode":0,
            "inWeight":0.270404189825058,
            "outWeight":0.3333333432674408
         },
         {  
            "serializedVersion":"3",
            "time":183.72789001464845,
            "value":3.599414110183716,
            "inSlope":0.006866659969091415,
            "outSlope":0.006866659969091415,
            "tangentMode":0,
            "weightedMode":0,
            "inWeight":0.3333333432674408,
            "outWeight":0.3333333432674408
         },
         {  
            "serializedVersion":"3",
            "time":188.28005981445313,
            "value":3.6607680320739748,
            "inSlope":0.0072776093147695068,
            "outSlope":0.0072776093147695068,
            "tangentMode":0,
            "weightedMode":0,
            "inWeight":0.3333333432674408,
            "outWeight":0.3333333432674408
         },
         {  
            "serializedVersion":"3",
            "time":200.0,
            "value":3.690000057220459,
            "inSlope":0.0007043287623673677,
            "outSlope":0.0007043287623673677,
            "tangentMode":136,
            "weightedMode":0,
            "inWeight":0.3333333432674408,
            "outWeight":0.3333333432674408
         },
         {  
            "serializedVersion":"3",
            "time":354.2935791015625,
            "value":3.8271074295043947,
            "inSlope":0.0004995411727577448,
            "outSlope":0.0004995411727577448,
            "tangentMode":136,
            "weightedMode":0,
            "inWeight":0.3333333432674408,
            "outWeight":0.3333333432674408
         },
         {  
            "serializedVersion":"3",
            "time":520.2935791015625,
            "value":3.867107391357422,
            "inSlope":0.00032142826239578426,
            "outSlope":0.00032142826239578426,
            "tangentMode":136,
            "weightedMode":0,
            "inWeight":0.3333333432674408,
            "outWeight":0.3333333432674408
         },
         {  
            "serializedVersion":"3",
            "time":634.2935791015625,
            "value":3.917107343673706,
            "inSlope":0.0002892569173127413,
            "outSlope":0.0002892569173127413,
            "tangentMode":136,
            "weightedMode":0,
            "inWeight":0.3333333432674408,
            "outWeight":0.3333333432674408
         },
         {  
            "serializedVersion":"3",
            "time":1004.2935791015625,
            "value":4.007107734680176,
            "inSlope":0.00046512458357028663,
            "outSlope":0.00046512458357028663,
            "tangentMode":136,
            "weightedMode":0,
            "inWeight":0.3333333432674408,
            "outWeight":0.3333333432674408
         },
         {  
            "serializedVersion":"3",
            "time":1350.0,
            "value":4.25,
            "inSlope":0.0004162144032306969,
            "outSlope":0.0004162144032306969,
            "tangentMode":0,
            "weightedMode":0,
            "inWeight":0.13561664521694184,
            "outWeight":0.3333333432674408
         }
      ],
      "m_PreInfinity":2,
      "m_PostInfinity":2,
      "m_RotationOrder":4
   }
}