{
    "AxisNameRoll": 3,
    "AxisNamePitch": 0,
    "AxisNameYaw": 1,
    "AxisNameThrottle": 2,
    "AxisInvertedRoll": 1,
    "AxisInvertedPitch": 1,
    "AxisInvertedYaw": 1,
    "AxisInvertedThrottle": 1,
    "XboxController": false,
    "YawThrottle": {
        "EdgeLeft": -0.992111086845398,
        "EdgeRight": 1.0,
        "EdgeBottom": -1.0,
        "EdgeTop": 1.0,
        "RestingX": 0.0,
        "RestingY": -1.0,
        "ActualX": 0.0,
        "ActualY": 0.0,
        "NewEdgeLeft": -0.992111086845398,
        "NewEdgeRight": 1.0,
        "NewEdgeBottom": 0.0,
        "NewEdgeTop": 2.0
    },
    "RollPitch": {
        "EdgeLeft": -1.0,
        "EdgeRight": 1.0,
        "EdgeBottom": -1.0,
        "EdgeTop": 0.9448691606521606,
        "RestingX": 0.0,
        "RestingY": 0.0,
        "ActualX": 0.0,
        "ActualY": 0.0,
        "NewEdgeLeft": -1.0,
        "NewEdgeRight": 1.0,
        "NewEdgeBottom": -1.0,
        "NewEdgeTop": 0.9448691606521606
    }
}