{  
   "Name":"Motor 6S",
   "MotorName":"T-Motor F60 Pro II 2207",
   "PropellerName":"HQ V1S",
   "PropellerSpecs":"5x4.3x3PC",
   "Weight":32.79999923706055,
   "KV":1840.0,
   "MaxTorque":0.16500000655651093,
   "CurveVoltageCurrent":{  
      "serializedVersion":"2",
      "m_Curve":[  
         {  
            "serializedVersion":"3",
            "time":0.0,
            "value":0.0,
            "inSlope":1.4311740398406983,
            "outSlope":1.4311740398406983,
            "tangentMode":34,
            "weightedMode":0,
            "inWeight":0.0,
            "outWeight":0.3333333432674408
         },
         {  
            "serializedVersion":"3",
            "time":24.700000762939454,
            "value":35.349998474121097,
            "inSlope":1.4311740398406983,
            "outSlope":1.4311740398406983,
            "tangentMode":34,
            "weightedMode":0,
            "inWeight":0.3333333432674408,
            "outWeight":0.0
         }
      ],
      "m_PreInfinity":2,
      "m_PostInfinity":2,
      "m_RotationOrder":4
   },
   "CurveCurrentRPM":{  
      "serializedVersion":"2",
      "m_Curve":[  
         {  
            "serializedVersion":"3",
            "time":0.0,
            "value":0.0,
            "inSlope":4447.14306640625,
            "outSlope":4447.14306640625,
            "tangentMode":34,
            "weightedMode":0,
            "inWeight":0.0,
            "outWeight":0.3333333432674408
         },
         {  
            "serializedVersion":"3",
            "time":1.399999976158142,
            "value":6226.0,
            "inSlope":4182.4755859375,
            "outSlope":4182.4755859375,
            "tangentMode":34,
            "weightedMode":0,
            "inWeight":0.3333333432674408,
            "outWeight":0.3333333432674408
         },
         {  
            "serializedVersion":"3",
            "time":2.859999895095825,
            "value":11946.0,
            "inSlope":2746.009765625,
            "outSlope":2746.009765625,
            "tangentMode":34,
            "weightedMode":0,
            "inWeight":0.3333333432674408,
            "outWeight":0.3333333432674408
         },
         {  
            "serializedVersion":"3",
            "time":8.25,
            "value":20431.0,
            "inSlope":1143.742919921875,
            "outSlope":1143.742919921875,
            "tangentMode":34,
            "weightedMode":0,
            "inWeight":0.3333333432674408,
            "outWeight":0.3333333432674408
         },
         {  
            "serializedVersion":"3",
            "time":19.549999237060548,
            "value":28491.0,
            "inSlope":565.877685546875,
            "outSlope":565.877685546875,
            "tangentMode":34,
            "weightedMode":0,
            "inWeight":0.3333333432674408,
            "outWeight":0.3333333432674408
         },
         {  
            "serializedVersion":"3",
            "time":35.349998474121097,
            "value":35103.0,
            "inSlope":418.48101806640627,
            "outSlope":418.48101806640627,
            "tangentMode":34,
            "weightedMode":0,
            "inWeight":0.3333333432674408,
            "outWeight":0.0
         }
      ],
      "m_PreInfinity":2,
      "m_PostInfinity":2,
      "m_RotationOrder":4
   },
   "CurveRPMThrust":{  
      "serializedVersion":"2",
      "m_Curve":[  
         {  
            "serializedVersion":"3",
            "time":0.0,
            "value":0.0,
            "inSlope":0.009476389735937119,
            "outSlope":0.009476389735937119,
            "tangentMode":34,
            "weightedMode":0,
            "inWeight":0.0,
            "outWeight":0.3333333432674408
         },
         {  
            "serializedVersion":"3",
            "time":6226.0,
            "value":59.0,
            "inSlope":0.011484900489449501,
            "outSlope":0.011484900489449501,
            "tangentMode":0,
            "weightedMode":0,
            "inWeight":0.3333333432674408,
            "outWeight":0.3333333432674408
         },
         {  
            "serializedVersion":"3",
            "time":11946.0,
            "value":209.0,
            "inSlope":0.026655470952391626,
            "outSlope":0.026655470952391626,
            "tangentMode":0,
            "weightedMode":0,
            "inWeight":0.3333333432674408,
            "outWeight":0.3333333432674408
         },
         {  
            "serializedVersion":"3",
            "time":20431.0,
            "value":621.0,
            "inSlope":0.05326336249709129,
            "outSlope":0.05326336249709129,
            "tangentMode":0,
            "weightedMode":0,
            "inWeight":0.3333333432674408,
            "outWeight":0.23417387902736665
         },
         {  
            "serializedVersion":"3",
            "time":28491.0,
            "value":1198.0,
            "inSlope":0.0651266947388649,
            "outSlope":0.0651266947388649,
            "tangentMode":0,
            "weightedMode":0,
            "inWeight":0.3333333432674408,
            "outWeight":0.2066991925239563
         },
         {  
            "serializedVersion":"3",
            "time":35103.0,
            "value":1799.0,
            "inSlope":0.09089533984661102,
            "outSlope":0.09089533984661102,
            "tangentMode":34,
            "weightedMode":0,
            "inWeight":0.3333333432674408,
            "outWeight":0.0
         }
      ],
      "m_PreInfinity":2,
      "m_PostInfinity":2,
      "m_RotationOrder":4
   }
}