{  
   "Name": "Default Motor 2 (4S)",
   "MotorName":"Multicopter Builders Primo 2207 2450kv",
   "PropellerName":"HQ V1S",
   "PropellerSpecs":"5x4.3x3PC",
   "Weight":30.0,
   "KV":2450.0,
   "MaxTorque":0.17000000178813935,
   "CurveVoltageCurrent":{  
      "serializedVersion":"2",
      "m_Curve":[  
         {  
            "serializedVersion":"3",
            "time":0.0,
            "value":0.0,
            "inSlope":2.208484649658203,
            "outSlope":2.208484649658203,
            "tangentMode":34,
            "weightedMode":0,
            "inWeight":0.0,
            "outWeight":0.3333333432674408
         },
         {  
            "serializedVersion":"3",
            "time":16.5,
            "value":36.439998626708987,
            "inSlope":2.208484649658203,
            "outSlope":2.208484649658203,
            "tangentMode":34,
            "weightedMode":0,
            "inWeight":0.3333333432674408,
            "outWeight":0.0
         }
      ],
      "m_PreInfinity":2,
      "m_PostInfinity":2,
      "m_RotationOrder":4
   },
   "CurveCurrentRPM":{  
      "serializedVersion":"2",
      "m_Curve":[  
         {  
            "serializedVersion":"3",
            "time":0.0,
            "value":0.0,
            "inSlope":4063.2353515625,
            "outSlope":4063.2353515625,
            "tangentMode":34,
            "weightedMode":0,
            "inWeight":0.0,
            "outWeight":0.3333333432674408
         },
         {  
            "serializedVersion":"3",
            "time":1.3600000143051148,
            "value":5526.0,
            "inSlope":3684.147216796875,
            "outSlope":3684.147216796875,
            "tangentMode":0,
            "weightedMode":0,
            "inWeight":0.3333333432674408,
            "outWeight":0.3333333432674408
         },
         {  
            "serializedVersion":"3",
            "time":3.119999885559082,
            "value":10591.0,
            "inSlope":1817.936767578125,
            "outSlope":1817.936767578125,
            "tangentMode":0,
            "weightedMode":0,
            "inWeight":0.3333333432674408,
            "outWeight":0.3333333432674408
         },
         {  
            "serializedVersion":"3",
            "time":9.3100004196167,
            "value":18050.0,
            "inSlope":910.1620483398438,
            "outSlope":910.1620483398438,
            "tangentMode":0,
            "weightedMode":0,
            "inWeight":0.3333333432674408,
            "outWeight":0.16904358565807343
         },
         {  
            "serializedVersion":"3",
            "time":20.190000534057618,
            "value":24576.0,
            "inSlope":463.2609558105469,
            "outSlope":463.2609558105469,
            "tangentMode":0,
            "weightedMode":0,
            "inWeight":0.3333333432674408,
            "outWeight":0.13271720707416535
         },
         {  
            "serializedVersion":"3",
            "time":36.439998626708987,
            "value":30105.0,
            "inSlope":340.2461853027344,
            "outSlope":340.2461853027344,
            "tangentMode":34,
            "weightedMode":0,
            "inWeight":0.3333333432674408,
            "outWeight":0.0
         }
      ],
      "m_PreInfinity":2,
      "m_PostInfinity":2,
      "m_RotationOrder":4
   },
   "CurveRPMThrust":{  
      "serializedVersion":"2",
      "m_Curve":[  
         {  
            "serializedVersion":"3",
            "time":0.0,
            "value":0.0,
            "inSlope":0.007419471628963947,
            "outSlope":0.007419471628963947,
            "tangentMode":34,
            "weightedMode":0,
            "inWeight":0.0,
            "outWeight":0.3333333432674408
         },
         {  
            "serializedVersion":"3",
            "time":5526.0,
            "value":41.0,
            "inSlope":0.011484900489449501,
            "outSlope":0.011484900489449501,
            "tangentMode":0,
            "weightedMode":0,
            "inWeight":0.3333333432674408,
            "outWeight":0.3333333432674408
         },
         {  
            "serializedVersion":"3",
            "time":10951.0,
            "value":161.0,
            "inSlope":0.026655470952391626,
            "outSlope":0.026655470952391626,
            "tangentMode":0,
            "weightedMode":0,
            "inWeight":0.3333333432674408,
            "outWeight":0.3333333432674408
         },
         {  
            "serializedVersion":"3",
            "time":18050.0,
            "value":485.0,
            "inSlope":0.05326336249709129,
            "outSlope":0.05326336249709129,
            "tangentMode":0,
            "weightedMode":0,
            "inWeight":0.3333333432674408,
            "outWeight":0.23417387902736665
         },
         {  
            "serializedVersion":"3",
            "time":24576.0,
            "value":899.0,
            "inSlope":0.0651266947388649,
            "outSlope":0.0651266947388649,
            "tangentMode":0,
            "weightedMode":0,
            "inWeight":0.3333333432674408,
            "outWeight":0.2066991925239563
         },
         {  
            "serializedVersion":"3",
            "time":30105.0,
            "value":1374.0,
            "inSlope":0.08591065555810929,
            "outSlope":0.08591065555810929,
            "tangentMode":34,
            "weightedMode":0,
            "inWeight":0.3333333432674408,
            "outWeight":0.0
         }
      ],
      "m_PreInfinity":2,
      "m_PostInfinity":2,
      "m_RotationOrder":4
   }
}