{  
   "Name": "Default Motor (4S)",
   "MotorName":"Lumenier 'JohnnyFPV' 2207-8 2400kv",
   "PropellerName":"HQ V1S",
   "PropellerSpecs":"5x4.3x3PC",
   "Weight":31.200000762939454,
   "KV":2400.0,
   "MaxTorque":0.17000000178813935,
   "CurveVoltageCurrent":{  
      "serializedVersion":"2",
      "m_Curve":[  
         {  
            "serializedVersion":"3",
            "time":0.0,
            "value":0.0,
            "inSlope":2.2727272510528566,
            "outSlope":2.2727272510528566,
            "tangentMode":34,
            "weightedMode":0,
            "inWeight":0.0,
            "outWeight":0.3333333432674408
         },
         {  
            "serializedVersion":"3",
            "time":16.5,
            "value":37.5,
            "inSlope":2.2727272510528566,
            "outSlope":2.2727272510528566,
            "tangentMode":34,
            "weightedMode":0,
            "inWeight":0.3333333432674408,
            "outWeight":0.0
         }
      ],
      "m_PreInfinity":2,
      "m_PostInfinity":2,
      "m_RotationOrder":4
   },
   "CurveCurrentRPM":{  
      "serializedVersion":"2",
      "m_Curve":[  
         {  
            "serializedVersion":"3",
            "time":0.0,
            "value":0.0,
            "inSlope":5899.0,
            "outSlope":5899.0,
            "tangentMode":34,
            "weightedMode":0,
            "inWeight":0.0,
            "outWeight":0.3333333432674408
         },
         {  
            "serializedVersion":"3",
            "time":1.0,
            "value":5899.0,
            "inSlope":4649.04833984375,
            "outSlope":4649.04833984375,
            "tangentMode":0,
            "weightedMode":0,
            "inWeight":0.3333333432674408,
            "outWeight":0.3333333432674408
         },
         {  
            "serializedVersion":"3",
            "time":2.7100000381469728,
            "value":10940.0,
            "inSlope":2005.16796875,
            "outSlope":2005.16796875,
            "tangentMode":0,
            "weightedMode":0,
            "inWeight":0.3333333432674408,
            "outWeight":0.3333333432674408
         },
         {  
            "serializedVersion":"3",
            "time":9.029999732971192,
            "value":17976.0,
            "inSlope":799.5703735351563,
            "outSlope":799.5703735351563,
            "tangentMode":0,
            "weightedMode":0,
            "inWeight":0.3333333432674408,
            "outWeight":0.18587346374988557
         },
         {  
            "serializedVersion":"3",
            "time":20.84000015258789,
            "value":24422.0,
            "inSlope":544.642822265625,
            "outSlope":544.642822265625,
            "tangentMode":0,
            "weightedMode":0,
            "inWeight":0.3333333432674408,
            "outWeight":0.15330366790294648
         },
         {  
            "serializedVersion":"3",
            "time":37.5,
            "value":29620.0,
            "inSlope":312.0047912597656,
            "outSlope":312.0047912597656,
            "tangentMode":34,
            "weightedMode":0,
            "inWeight":0.3333333432674408,
            "outWeight":0.0
         }
      ],
      "m_PreInfinity":2,
      "m_PostInfinity":2,
      "m_RotationOrder":4
   },
   "CurveRPMThrust":{  
      "serializedVersion":"2",
      "m_Curve":[  
         {  
            "serializedVersion":"3",
            "time":0.0,
            "value":0.0,
            "inSlope":0.008136972784996033,
            "outSlope":0.008136972784996033,
            "tangentMode":34,
            "weightedMode":0,
            "inWeight":0.0,
            "outWeight":0.3333333432674408
         },
         {  
            "serializedVersion":"3",
            "time":5899.0,
            "value":48.0,
            "inSlope":0.017845161259174348,
            "outSlope":0.017845161259174348,
            "tangentMode":0,
            "weightedMode":0,
            "inWeight":0.3333333432674408,
            "outWeight":0.3333333432674408
         },
         {  
            "serializedVersion":"3",
            "time":10940.0,
            "value":178.0,
            "inSlope":0.03348906710743904,
            "outSlope":0.03348906710743904,
            "tangentMode":0,
            "weightedMode":0,
            "inWeight":0.3333333432674408,
            "outWeight":0.21826449036598206
         },
         {  
            "serializedVersion":"3",
            "time":17976.0,
            "value":498.0,
            "inSlope":0.05941745266318321,
            "outSlope":0.05941745266318321,
            "tangentMode":0,
            "weightedMode":0,
            "inWeight":0.3333333432674408,
            "outWeight":0.2057153284549713
         },
         {  
            "serializedVersion":"3",
            "time":24422.0,
            "value":925.0,
            "inSlope":0.07020868360996247,
            "outSlope":0.07020868360996247,
            "tangentMode":0,
            "weightedMode":0,
            "inWeight":0.3333333432674408,
            "outWeight":0.2150624394416809
         },
         {  
            "serializedVersion":"3",
            "time":29620.0,
            "value":1368.0,
            "inSlope":0.08522508293390274,
            "outSlope":0.08522508293390274,
            "tangentMode":34,
            "weightedMode":0,
            "inWeight":0.3333333432674408,
            "outWeight":0.0
         }
      ],
      "m_PreInfinity":2,
      "m_PostInfinity":2,
      "m_RotationOrder":4
   }
}