{
    "OsdMotors": false,
    "OsdRates": false,
    "OsdAirDrag": false,
    "OsdJoystick": false,
    "OsdThrottleRate": false,
    "OsdScreen": false,
    "OsdTelemetry": false,
    "OsdPidRates": false,
    "OsdCamera": false,
    "OsdBattery": false,
    "OsdParts": false,
    "OsdTutorialKeys": false,
    "FlightMode": 0,
    "PIDPitch": {
        "P": 75.0,
        "I": 0.0,
        "D": 35.0
    },
    "PIDRoll": {
        "P": 75.0,
        "I": 0.0,
        "D": 35.0
    },
    "PIDYaw": {
        "P": 66.0,
        "I": 0.0,
        "D": 49.0
    },
    "FcRateNames": {
        "FlightOne": {
            "Value0Name": "Rate",
            "Value1Name": "Expo",
            "Value2Name": "Acro"
        },
        "BetaFlight": {
            "Value0Name": "Rate",
            "Value1Name": "Super",
            "Value2Name": "Expo"
        },
        "Kiss": {
            "Value0Name": "RcRate",
            "Value1Name": "Rate",
            "Value2Name": "Curve"
        }
    },
    "RateType": 0,
    "RatePitch": {
        "rfRate": 210.0,
        "rfExpo": 50.0,
        "rfAcro": 150.0
    },
    "RateRoll": {
        "rfRate": 210.0,
        "rfExpo": 50.0,
        "rfAcro": 150.0
    },
    "RateYaw": {
        "rfRate": 210.0,
        "rfExpo": 50.0,
        "rfAcro": 150.0
    },
    "RateThrottle": {
        "rfRate": 500.0,
        "rfExpo": 20.0,
        "rfAcro": 20.0
    },
    "TiltAmount": 47,
    "FieldOfView": 99,
    "BeginAirDrag": 2500.0,
    "EndAirDrag": -100.0,
    "RateAirDrag": {
        "rfRate": 0.7509999871253967,
        "rfExpo": 75.0,
        "rfAcro": 130.0
    },
    "MinimalFcSignal": 1001,
    "Gravity": 10.5,
    "AllowDamage": false
}