{
   "Name":"Default Wide Frame",
   "Weight":116.0,
   "Width" : 1.0,
   "Length" : 2.0,
   "Height" : 3.0,
   "Type" : "5'",   
   "LiftEffect" : 0.0425,
   "ParRearRightMotor":{  
      "Position":{  
         "x":0.1550000011920929,
         "y":0.0017000000225380064,
         "z":-0.11999999731779099
      },
      "Rotation":{  
         "x":0.0,
         "y":0.0,
         "z":0.0,
         "w":1.0
      }
   },
   "ParFrontRightMotor":{  
      "Position":{  
         "x":0.1550000011920929,
         "y":0.0017000000225380064,
         "z":0.11999999731779099
      },
      "Rotation":{  
         "x":0.0,
         "y":0.0,
         "z":0.0,
         "w":1.0
      }
   },
   "ParRearLeftMotor":{  
      "Position":{  
         "x":-0.1550000011920929,
         "y":0.0017000000225380064,
         "z":-0.11999999731779099
      },
      "Rotation":{  
         "x":0.0,
         "y":0.0,
         "z":0.0,
         "w":1.0
      }
   },
   "ParFrontLeftMotor":{  
      "Position":{  
         "x":-0.1550000011920929,
         "y":0.0017000000225380064,
         "z":0.11999999731779099
      },
      "Rotation":{  
         "x":0.0,
         "y":0.0,
         "z":0.0,
         "w":1.0
      }
   },
   "ParRearRightEsc":{  
      "Position":{  
         "x":0.08009999990463257,
         "y":0.0017000000225380064,
         "z":-0.08009999990463257
      },
      "Rotation":{  
         "x":0.0,
         "y":0.9238795638084412,
         "z":0.0,
         "w":0.3826834261417389
      }
   },
   "ParFrontRightEsc":{  
      "Position":{  
         "x":0.08009999990463257,
         "y":0.0017000000225380064,
         "z":0.08009999990463257
      },
      "Rotation":{  
         "x":0.0,
         "y":0.3826832175254822,
         "z":0.0,
         "w":0.9238796830177307
      }
   },
   "ParRearLeftEsc":{  
      "Position":{  
         "x":-0.08009999990463257,
         "y":0.0017000000225380064,
         "z":-0.08009999990463257
      },
      "Rotation":{  
         "x":0.0,
         "y":0.9238796234130859,
         "z":0.0,
         "w":-0.38268324732780459
      }
   },
   "ParFrontLeftEsc":{  
      "Position":{  
         "x":-0.08009999990463257,
         "y":0.0017000000225380064,
         "z":0.08009999990463257
      },
      "Rotation":{  
         "x":0.0,
         "y":-0.3826834261417389,
         "z":0.0,
         "w":0.9238795638084412
      }
   },
   "ParCamera":{  
      "Position":{  
         "x":0.0,
         "y":0.024,
         "z":0.0476
      },
      "Rotation":{  
         "x":0.0,
         "y":0.0,
         "z":0.0,
         "w":1.0
      }
   },
   "ParAntena":{  
      "Position":{  
         "x":0.0,
         "y":0.04699999839067459,
         "z":-0.04820000007748604
      },
      "Rotation":{  
         "x":-0.13052624464035035,
         "y":0.0,
         "z":0.0,
         "w":0.9914448857307434
      }
   },
   "ParBattery":{  
      "Position":{  
         "x":0.0,
         "y":-0.004000000189989805,
         "z":0.0
      },
      "Rotation":{  
         "x":0.0,
         "y":0.0,
         "z":0.0,
         "w":1.0
      }
   },
   "ParExtraCameraPosition":{
      "Position":{
         "x":0.0,
         "y":0.05339999869465828,
         "z":0.014499999582767487
      },
      "Rotation":{
         "x":-0.2588185966014862,
         "y":0.0,
         "z":0.0,
         "w":0.9659259915351868
      }
   }
}