{  
   "Name":"DefaultH",
   "Weight":30.0,
   "Width" : 1.0,
   "Length" : 2.0,
   "Height" : 3.0,
   "Type" : "5'",   
   "LiftEffect" : 0.02,
   "ParRearRightMotor":{  
      "Position":{  
         "x":0.10000000149011612,
         "y":0.0017000000225380064,
         "z":-0.10000000149011612
      },
      "Rotation":{  
         "x":0.0,
         "y":0.0,
         "z":0.0,
         "w":1.0
      }
   },
   "ParFrontRightMotor":{  
      "Position":{  
         "x":0.10000000149011612,
         "y":0.0017000000225380064,
         "z":0.10000000149011612
      },
      "Rotation":{  
         "x":0.0,
         "y":0.0,
         "z":0.0,
         "w":1.0
      }
   },
   "ParRearLeftMotor":{  
      "Position":{  
         "x":-0.10000000149011612,
         "y":0.0017000000225380064,
         "z":-0.10000000149011612
      },
      "Rotation":{  
         "x":0.0,
         "y":0.0,
         "z":0.0,
         "w":1.0
      }
   },
   "ParFrontLeftMotor":{  
      "Position":{  
         "x":-0.10000000149011612,
         "y":0.0017000000225380064,
         "z":0.10000000149011612
      },
      "Rotation":{  
         "x":0.0,
         "y":0.0,
         "z":0.0,
         "w":1.0
      }
   },
   "ParRearRightEsc":{  
      "Position":{  
         "x":0.03500000014901161,
         "y":0.0017000000225380064,
         "z":-0.054999999701976779
      },
      "Rotation":{  
         "x":0.0,
         "y":0.9588197469711304,
         "z":0.0,
         "w":0.2840152978897095
      }
   },
   "ParFrontRightEsc":{  
      "Position":{  
         "x":0.03500000014901161,
         "y":0.0017000000225380064,
         "z":0.054999999701976779
      },
      "Rotation":{  
         "x":0.0,
         "y":0.2840152978897095,
         "z":0.0,
         "w":0.9588197469711304
      }
   },
   "ParRearLeftEsc":{  
      "Position":{  
         "x":-0.034999996423721316,
         "y":0.0017000000225380064,
         "z":-0.054999999701976779
      },
      "Rotation":{  
         "x":0.0,
         "y":0.9588198065757752,
         "z":0.0,
         "w":-0.2840152382850647
      }
   },
   "ParFrontLeftEsc":{  
      "Position":{  
         "x":-0.034999996423721316,
         "y":0.0017000000225380064,
         "z":0.054999999701976779
      },
      "Rotation":{  
         "x":0.0,
         "y":-0.284015417098999,
         "z":0.0,
         "w":0.9588197469711304
      }
   },
   "ParCamera":{  
      "Position":{  
         "x":0.0,
         "y":0.025,
         "z":0.035
      },
      "Rotation":{  
         "x":0.0,
         "y":0.0,
         "z":0.0,
         "w":1.0
      }
   },
   "ParAntena":{  
      "Position":{  
         "x":0.0,
         "y":0.026200000196695329,
         "z":-0.03449999913573265
      },
      "Rotation":{  
         "x":-0.5983476042747498,
         "y":7.678887747886165e-9,
         "z":-1.376614555681499e-8,
         "w":0.801236629486084
      }
   },
   "ParBattery":{  
      "Position":{  
         "x":0.0,
         "y":-0.004000000189989805,
         "z":0.0
      },
      "Rotation":{  
         "x":0.0,
         "y":0.0,
         "z":0.0,
         "w":1.0
      }
   },
   "ParExtraCameraPosition":{  
      "Position":{  
         "x":0.0,
         "y":0.055799998342990878,
         "z":-0.01940000057220459
      },
      "Rotation":{  
         "x":-0.2588185966014862,
         "y":0.0,
         "z":0.0,
         "w":0.9659259915351868
      }
   }
}